Real time	Capacitance

0:00:00.688970	0.51446
0:00:00.915929	0.51348
0:00:01.293886	0.51368
0:00:01.570095	0.51485
0:00:01.839165	0.51368
