Rt,temp_tip,temp_ceramic,temp_flange,Relay
11:59:53,19.366224,19.710684,19.676914,10
11:59:58,19.418566,19.693798,19.727573,10
12:00:03,19.437138,19.692108,19.73602,10
