Real time 	Temp_Tip 	Temp_Ceramic 	temp_Flange 	MV 	
0:00:00.000281,19.245,19.143,36.341,-26.185
0:00:00.884373,19.245,19.211,36.409,-1.684
0:00:01.752534,19.312,19.245,36.409,-1.75
0:00:02.619534,19.245,19.211,36.409,-1.785
0:00:03.490891,19.211,19.177,36.409,-1.785
0:00:04.354243,19.245,19.143,36.409,-1.785
0:00:05.223023,19.278,19.177,36.409,-1.785
0:00:06.085066,19.312,19.211,36.443,-1.746
0:00:06.945447,19.278,19.211,36.409,-1.86
