Real time 	Temp_Tip 	Temp_Ceramic 	temp_Flange 	MV 	
0.00031,20.224,20.157,21.305,-263.916
0.86415,20.157,20.224,21.238,-16.836
