Real time 	Temp_Tip 	Temp_Ceramic 	temp_Flange 	MV 	
0:00:00,19.11,19.211,36.307,-226.137
0:00:00.860000,19.177,19.177,36.341,-14.456
0:00:01.720000,19.177,19.11,36.341,-14.267
0:00:02.570000,19.11,19.11,36.341,-14.413
0:00:03.430000,19.11,19.143,36.375,-14.417
0:00:04.290000,19.177,19.143,36.341,-14.342
0:00:05.150000,19.143,19.143,36.375,-14.456
0:00:06.010000,19.177,19.143,36.375,-14.307
0:00:06.870000,19.143,19.143,36.375,-14.377
