Real time,temp_Tip,temp_Ceramic,temp_Flange
15:07:55,21.406511879490917,21.64304942529414,-241.61154922655533
15:07:56,21.44030193868369,21.57546557131715,-241.58236749662143
