Real time 	Temp_Tip 	Temp_Ceramic 	temp_Flange 	MV 	
18:31:50,-16.19466,-12.85167,21.57547,-196.77896
18:31:51,-16.19466,-12.88511,21.60926,-12.5713
18:31:52,-16.12783,-12.85167,21.60926,-12.61335
18:31:52,-16.09442,-12.85167,21.60926,-12.54466
18:31:53,-16.09442,-12.85167,21.60926,-12.54466
