Real time 	Temp_Tip 	Temp_Ceramic 	temp_Flange 	
14:02:53,24.38134,24.3137,24.61809
14:02:54,24.41516,24.34752,24.51662
