Rt,temp_tip,temp_ceramic,temp_flange,Relay
12:23:48,20.641254,20.639566,20.624363,10
12:23:54,20.612541,20.663214,20.626055,10
