Real time 	Temp_Tip 	Temp_Ceramic 	temp_Flange 	MV 	
18:29:47,-19.83459,-15.12527,21.54167,-189.55137
18:29:47,-19.83459,-15.12527,21.54167,-12.13886
18:29:48,-19.80122,-15.09185,21.60926,-12.10385
18:29:49,-19.76784,-15.09185,21.60926,-12.14269
18:29:50,-19.76784,-15.09185,21.60926,-12.10786
18:29:51,-19.73447,-15.09185,21.64305,-12.10786
